City_ID,City,Country,Max Temp,Current Description,Lat,Lng,Hotel Name
1,Butaritari,KI,81.99,moderate rain,3.0707,172.7902,Isles Sunset Lodge
4,Sao Filipe,CV,74.79,overcast clouds,14.8961,-24.4956,Hotel Xaguate
5,Kapaa,US,84.18,few clouds,22.0752,-159.319,Sheraton Kauai Coconut Beach Resort
6,Bengkulu,ID,75.52,moderate rain,-3.8004,102.2655,Grage Hotel Bengkulu
8,Ribeira Grande,PT,70.3,broken clouds,38.5167,-28.7,Quinta da Meia Eira
9,Hithadhoo,MV,83.61,broken clouds,-0.6,73.0833,Scoop Guest House
10,San Patricio,US,87.69,overcast clouds,28.017,-97.5169,"Motel 6 Sinton, TX"
13,Tautira,PF,74.88,light rain,-17.7333,-149.15,Pension Oaoa
15,Gairatganj,IN,74.19,overcast clouds,23.4202,78.2385,new garib namz road lines
17,Le Port,RE,67.96,scattered clouds,-20.9373,55.2919,KORBEY D'OR OUEST
18,Nouadhibou,MR,69.78,few clouds,20.931,-17.0347,El Medina
19,Atuona,PF,77.22,clear sky,-9.8,-139.0333,Villa Enata
21,Ituverava,BR,71.33,overcast clouds,-20.3394,-47.7806,Hotel Jandaia
22,Roma,US,78.96,clear sky,43.2128,-75.4557,Wingate By Wyndham Rome
23,Panji,ID,73.02,clear sky,-7.7253,114.0995,Rumah eni
25,Rikitea,PF,68.07,light rain,-23.1203,-134.9692,People ThankYou
31,Nishihara,JP,85.68,broken clouds,26.1842,127.7558,Minshuku Agaihama
34,Arraial Do Cabo,BR,71.56,clear sky,-22.9661,-42.0278,Pousada Porto Praia
39,Xiongzhou,CN,80.44,overcast clouds,25.1167,114.3,Xinhewan Business Hotel
40,Puerto Ayora,EC,70.56,broken clouds,-0.7393,-90.3518,Finch Bay Galapagos Hotel
41,Caravelas,BR,70.41,clear sky,-17.7125,-39.2481,Pousada dos Navegantes
42,Anavra,GR,77.45,clear sky,39.2,22.0833,ŒúŒ†ŒüŒ•ŒöŒóŒ£ ŒùŒôŒöŒüŒ£
43,Kawalu,ID,71.78,moderate rain,-7.3817,108.2082,West Jontor
46,Mareeba,AU,67.44,light rain,-17.0,145.4333,Trinity Plains Tourist Park
47,Georgetown,MY,83.89,few clouds,5.4112,100.3354,Cititel Penang
49,Bonthe,SL,76.75,light rain,7.5264,-12.505,Bonthe Holiday Village
51,Los Llanos De Aridane,ES,67.75,clear sky,28.6585,-17.9182,Valle Aridane
52,Sambava,MG,69.26,light rain,-14.2667,50.1667,Melrose
56,Jamestown,US,74.05,clear sky,42.097,-79.2353,Hampton Inn & Suites Jamestown
62,Inongo,CD,72.63,scattered clouds,-1.95,18.2667,Hotel Du Lac
65,Bourail,NC,69.76,scattered clouds,-21.5667,165.4833,Motel Allamanda
66,Xiamen,CN,87.85,clear sky,24.4798,118.0819,Xiamen Dongchen Hotel
67,Souillac,MU,66.58,light rain,-20.5167,57.5167,Shanti Maurice Resort & Spa
70,Barcelos,PT,74.91,broken clouds,41.5388,-8.6151,Hotel Restaurante Bagoeira
71,Janauba,BR,69.98,clear sky,-15.8025,-43.3089,Ouro Norte Palace Hotel
73,Sola,VU,80.35,scattered clouds,-13.8833,167.55,Leumerus Bungalows
78,Bowen,AU,67.12,scattered clouds,-20.0167,148.2333,Castle Motor Lodge Motel
79,Avarua,CK,77.05,broken clouds,-21.2078,-159.775,Paradise Inn
80,Vaini,TO,80.76,few clouds,-21.2,-175.2,Keleti Beach Resort
83,Katsuura,JP,75.22,moderate rain,35.1333,140.3,Katsuura Hotel Mikazuki
85,Greenville,US,82.56,scattered clouds,35.6127,-77.3663,"Holiday Inn Express Greenville, an IHG Hotel"
86,Vasto,IT,82.15,clear sky,42.1243,14.7059,Hotel President
89,Kavieng,PG,82.53,broken clouds,-2.5744,150.7967,Nusa Island Retreat
90,Sarangani,PH,82.29,broken clouds,5.4033,125.4636,JVL Inn and Cafeteria
92,Ponta Do Sol,PT,71.01,scattered clouds,32.6667,-17.1,Hotel do Campo
95,Bolgatanga,GH,78.4,overcast clouds,10.7856,-0.8514,Mama's Place
98,Nueva Londres,PY,77.25,overcast clouds,-25.4045,-56.5498,La Guari
99,Marechal Candido Rondon,BR,73.6,overcast clouds,-24.5561,-54.0567,Hotel Bender
100,Asau,RO,67.12,few clouds,46.4333,26.4,Casa Mika Ciobanus
101,Fortuna,US,70.93,few clouds,40.5982,-124.1573,Super 8 by Wyndham Fortuna
102,Ixtapa,MX,88.23,few clouds,20.7,-105.2,hotel la terminal
104,Beaverlodge,CA,70.95,overcast clouds,55.2166,-119.4361,Side Trax Inn
107,Grand Gaube,MU,68.38,moderate rain,-20.0064,57.6608,Veranda Paul et Virginie Hotel & Spa
108,Guatire,VE,73.42,broken clouds,10.4762,-66.5427,Parque Residencial Canaima I
109,Bathsheba,BB,82.06,scattered clouds,13.2167,-59.5167,Atlantis Hotel
113,Ahuimanu,US,83.91,scattered clouds,21.4447,-157.8378,Paradise Bay Resort
115,Itarema,BR,78.78,broken clouds,-2.9248,-39.9167,"Sea Lounge! Bar, Club & Restaurant"
118,Marawi,PH,70.97,overcast clouds,7.9986,124.2928,Derogongan Residence
120,Bethel,US,80.02,broken clouds,41.3712,-73.414,Courtyard by Marriott Danbury
123,Barra Dos Coqueiros,BR,75.22,broken clouds,-10.9089,-37.0386,Quality Hotel Aracaju
127,Puerto Madero,MX,75.4,overcast clouds,14.7208,-92.4215,DEPARTAMENTOS LA ESTANCIA
130,Kudahuvadhoo,MV,82.42,overcast clouds,2.6708,72.8944,Niyama Private Islands Maldives
131,Sao Jose Da Coroa Grande,BR,74.95,clear sky,-8.8978,-35.1478,Cr√¥a Mares Hotel
132,Mahebourg,MU,68.25,broken clouds,-20.4081,57.7,Shandrani Beachcomber Resort & Spa
138,Santa Isabel,BR,69.51,overcast clouds,-23.3156,-46.2214,Ch√°cara Sombra do Alt√≠ssimo
140,Cartagena Del Chaira,CO,77.4,broken clouds,1.3349,-74.8429,HOTEL LA ROCA
144,Victoria,HK,87.96,overcast clouds,22.2855,114.1577,Mini Central
146,Manado,ID,77.77,few clouds,1.487,124.8455,Aryaduta Hotel
147,Zhicheng,CN,83.48,overcast clouds,30.2956,111.5047,Wangjiang Building
148,Pagudpud,PH,81.93,overcast clouds,18.5616,120.7868,Saud Beach Resort and Hotel - 2
154,Durham,US,82.53,broken clouds,36.0335,-78.8664,Hampton Inn & Suites Durham/North I-85
156,Mayumba,GA,69.26,few clouds,-3.432,10.6554,LIKWALE LODGE
157,Yabrud,SY,66.45,clear sky,33.9674,36.6574,ÿµÿßŸÑÿ© ÿßŸÅÿ±ÿßÿ≠ ÿßŸÑÿßŸÜÿØŸÑÿ≥
160,Japura,ID,72.25,broken clouds,-0.3167,102.35,Rumah mbah Jamah
161,Hannibal,US,88.72,clear sky,39.7084,-91.3585,Country Hearth Inn Hannibal
162,Aljezur,PT,65.75,few clouds,37.3191,-8.8033,Amazigh Hostel
163,Vila Velha,BR,71.55,few clouds,-20.3297,-40.2925,Hotel Vit√≥ria Palace
167,Puerto Ayacucho,VE,76.46,overcast clouds,5.6639,-67.6236,Posada Turistica Manapiare
168,Churapcha,RU,74.73,broken clouds,62.0025,132.4325,"""Tusku"""
171,Angoche,MZ,66.87,clear sky,-16.2325,39.9086,Guest House HESADA
173,Fort Nelson,CA,76.59,broken clouds,58.8053,-122.7002,The Fort Nelson Hotel
176,Ebolowa,CM,67.17,broken clouds,2.9,11.15,Florence Hotel Ebolowa
178,Vila Franca Do Campo,PT,70.21,scattered clouds,37.7167,-25.4333,Pestana Bahia Praia
181,Vaitape,PF,77.9,broken clouds,-16.5167,-151.75,Conrad Bora Bora Nui
182,Nanakuli,US,84.15,overcast clouds,21.3906,-158.1547,Camp PƒÅlehua
184,Afua,BR,77.29,scattered clouds,-0.1567,-50.3867,Hotel Dias
186,Honiara,SB,84.18,scattered clouds,-9.4333,159.95,Heritage Park Hotel
189,Eluru,IN,80.83,overcast clouds,16.7,81.1,Sri Krishna Residency - VTR Square Eluru
190,Pulandian,CN,74.68,clear sky,39.3953,121.9669,HR East Hotel
191,Owando,CG,76.89,few clouds,-0.4819,15.8999,Exaunel Hotel Owando
192,Lompoc,US,87.94,clear sky,34.6391,-120.4579,"Holiday Inn Express Lompoc, an IHG Hotel"
193,Sao Joao Da Barra,BR,72.03,broken clouds,-21.6403,-41.0511,Pousada Porto De Canoas
194,Port Hardy,CA,66.38,broken clouds,50.6996,-127.4199,Airport Inn-Port Hardy
196,Sur,OM,87.6,overcast clouds,22.5667,59.5289,Sur Plaza Hotel
197,Kloulklubed,PW,77.5,overcast clouds,7.0419,134.2556,Storyboard Beach Resort
198,Touros,BR,74.89,few clouds,-5.1989,-35.4608,INN NEW HORIZON
199,Tibati,CM,66.63,moderate rain,6.4667,12.6333,Tibati Hotel
201,Cayenne,GF,76.08,clear sky,4.9333,-52.3333,H√¥tel Le Dronmi
202,Bengbu,CN,82.27,overcast clouds,32.9408,117.3608,Howard Johnson Nanshan Plaza
203,Kilindoni,TZ,76.44,broken clouds,-7.9139,39.6668,Bustani B&B
204,Portland,US,85.95,few clouds,45.5234,-122.6762,Embassy Suites by Hilton Portland Downtown
210,Iskateley,RU,70.48,overcast clouds,67.6803,53.1512,Hostel Agat
211,Okara,PK,80.62,overcast clouds,30.8081,73.4458,Ali mobile al aziz palaza Shop #6 Venus chows Okara
213,Sibolga,ID,77.18,broken clouds,1.7427,98.7792,Hotel Syariah CN Darussalam
215,Melville,US,80.15,clear sky,40.7934,-73.4151,Marriott Melville Long Island
216,Kaseda,JP,82.15,broken clouds,31.4167,130.3167,Sun Stay Kaseda
217,Awjilah,LY,77.02,clear sky,29.1081,21.2869,ÿßŸÑŸÖŸÜÿ≤ŸÑ
219,Kefamenanu,ID,67.05,overcast clouds,-9.4467,124.4781,Sokowindo Losmen
220,Torbay,CA,65.88,broken clouds,47.6666,-52.7314,Gallows Cove
221,Isangel,VU,73.51,overcast clouds,-19.55,169.2667,Tanna Lodge
224,Kashi,CN,69.01,clear sky,39.4547,75.9797,Â∏ïÁ±≥Â∞îÈùíÂπ¥ÊóÖËàç
225,Bacungan,PH,78.85,scattered clouds,9.9106,118.7022,Sumayang Property
226,Praya,CV,75.74,scattered clouds,14.9215,-23.5087,LT Aparthotel
227,Iqaluit,CA,67.73,few clouds,63.7506,-68.5145,Frobisher Inn
229,Bandarbeyla,SO,79.43,overcast clouds,9.4942,50.8122,JABIR HOTEL
232,Garowe,SO,76.12,broken clouds,8.4054,48.4845,Curubo Hotel
237,Mataro,ES,88.84,clear sky,41.5421,2.4445,URH Ciutat de Matar√≥
238,Half Moon Bay,US,82.87,overcast clouds,37.4636,-122.4286,"The Ritz-Carlton, Half Moon Bay"
239,Itaituba,BR,79.07,overcast clouds,-4.2761,-55.9836,Hotel Campos
241,Myitkyina,MM,76.06,scattered clouds,25.3833,97.4,Shwe Phyu Hotel
243,Salalah,OM,77.99,light rain,17.0151,54.0924,"HAMDAN PLAZA HOTEL SALALAH, an HTG Hotel"
250,Lagoa,PT,69.04,scattered clouds,39.05,-27.9833,Casa Das Faias
252,Bambous Virieux,MU,68.22,light rain,-20.3428,57.7575,Casa Tia Villa
253,Iralaya,HN,81.12,overcast clouds,15.0,-83.2333,Iglesia morava renovada
256,Thompson,CA,82.56,few clouds,55.7435,-97.8558,Burntwood Hotel
258,Robertsport,LR,76.75,light rain,6.7533,-11.3686,Kwepunha Retreat
259,Petropavlovsk-Kamchatskiy,RU,73.99,clear sky,53.0452,158.6483,The Hotel Petropavlovsky
260,San Cristobal,VE,75.38,scattered clouds,7.7669,-72.225,Pirineos
261,Muroto,JP,76.5,overcast clouds,33.2833,134.15,Oota Ryokan
262,Tiarei,PF,80.62,few clouds,-17.5333,-149.3333,Le Rocher de Tahiti
266,Luganville,VU,78.48,broken clouds,-15.5333,167.1667,The Espiritu Hotel
267,Erenhot,CN,76.21,broken clouds,43.6475,111.9767,Erenhot Rurouni Youth Hostel
271,Pontivy,FR,65.28,broken clouds,48.0,-3.0,Frairie du Divit - Chambres d'h√¥tes √† Pontivy dans le Morbihan (small hotel near Pontivy)
272,Leshukonskoye,RU,65.52,overcast clouds,64.8989,45.7622,Pryalitsa Hostel
273,Praia,CV,75.74,scattered clouds,14.9215,-23.5087,LT Aparthotel
274,Turan,VN,80.58,clear sky,16.0678,108.2208,Grand Mercure Danang
277,Eureka,US,81.68,clear sky,40.8021,-124.1637,Eureka Inn Trademark By Wyndham
282,Jardim,BR,77.22,overcast clouds,-21.4803,-56.1381,Estancia Hotel - Jardim MS
285,Innisfail,AU,70.65,broken clouds,-17.5333,146.0333,Moondarra Motel
286,Kota Belud,MY,77.65,overcast clouds,6.351,116.4305,Tang Dynasty Lodge Kota Belud
288,Sudbury,CA,72.57,overcast clouds,46.49,-80.99,Travelway Inn Sudbury
289,Namatanai,PG,82.35,broken clouds,-3.6667,152.4333,Seagulls Inn Namatani
290,Mitzic,GA,66.13,scattered clouds,0.7821,11.549,Motel Emys
292,Dibulla,CO,79.0,few clouds,11.2725,-73.3091,Hospedaje Dibulla Beach
294,Keti Bandar,PK,82.54,overcast clouds,24.1447,67.4497,Haji laloo memon house
295,Mogadishu,SO,76.12,overcast clouds,2.0371,45.3438,Hotel Juba
296,Puerto Rico,AR,72.12,overcast clouds,-26.796,-55.024,Hotel Caba√±as del Prado
298,Humaita,BR,84.18,few clouds,-7.5061,-63.0208,Corr√™a Hotel
300,Bahia Honda,CU,83.14,overcast clouds,22.9036,-83.1592,Casa Gualberto - Deysi
301,Hekinan,JP,80.19,moderate rain,34.8833,136.9833,Tsuruya
302,Lorengau,PG,82.4,broken clouds,-2.0226,147.2712,Lorengau Harbourside Hotel
305,Sungairaya,ID,77.54,broken clouds,0.7,108.9,Rumah Kuku Moimoi Shelly
306,Florianopolis,BR,67.41,clear sky,-27.6146,-48.5012,Hotel Boutique Quinta das Videiras
307,Zalantun,CN,68.34,light rain,48.0,122.7167,GreenTree Alliance Hulunbeier Zhalantun Railway Station Hotel
308,Hamilton,US,84.09,broken clouds,39.1834,-84.5333,Six Acres Bed & Breakfast
311,Binzhou,CN,82.4,broken clouds,37.3667,118.0167,Hampton By Hilton Binzhou
312,Kahului,US,87.82,scattered clouds,20.8947,-156.47,Maui Seaside Hotel
315,Buala,SB,83.52,broken clouds,-8.145,159.5921,Maringe Lagoon Lodge
316,Quatre Cocos,MU,68.09,light rain,-20.2078,57.7625,Sunrise Attitude Hotel
322,Trinidad,BO,82.38,broken clouds,-14.8333,-64.9,Hotel Piesta
324,Quelimane,MZ,66.15,broken clouds,-17.8786,36.8883,Hotel Flamingo
325,Urumqi,CN,70.75,clear sky,43.801,87.6005,Hua Ling Grand Hotel Urumqi
326,Hasaki,JP,75.29,light rain,35.7333,140.8333,Inubosaki Kanko Hotel
328,Joshimath,IN,68.77,broken clouds,30.5667,79.5667,Shivalik Camps & Resort
329,Hirara,JP,85.86,broken clouds,24.8,125.2833,Hotel Atoll Emerald Miyakojima
331,Kalmunai,LK,79.43,overcast clouds,7.4167,81.8167,VS Villa
333,Bartica,GY,79.12,overcast clouds,6.4,-58.6167,Sloth Island Nature Resort
334,Namibe,AO,65.35,scattered clouds,-15.1961,12.1522,Hotel Chik Chik Namibe
335,Coahuayana,MX,80.06,overcast clouds,18.7333,-103.6833,El rranchito michuacan de ocampos
336,Reni,UA,70.32,scattered clouds,45.4573,28.2932,"Gostinitsa ""Iuzhnyi"""
337,Carballo,ES,65.89,broken clouds,43.213,-8.691,Pazo do Souto
338,Solnechnyy,RU,74.19,broken clouds,50.7214,136.6319,Hotel complex Pastoral
341,Sabha,LY,79.18,clear sky,27.0377,14.4283,ŸÖÿ≠ÿ∑ÿ© ÿßŸÖ ÿßŸÑÿßÿ±ÿßŸÜÿ® -ÿ≥ÿ®Ÿáÿß ŸÖŸàÿßÿµŸÑÿßÿ™
343,Cape Coast,GH,75.29,light rain,5.1053,-1.2466,Samrit Hotel
344,Faanui,PF,77.7,broken clouds,-16.4833,-151.75,Bora-Bora Pearl Beach Resort & Spa
345,Aguimes,ES,68.67,few clouds,27.9054,-15.4461,Hotel Villa de Aguimes
346,Maragogi,BR,74.32,clear sky,-9.0122,-35.2225,Salinas do Maragogi All Inclusive Resort
348,Ariquemes,BR,81.05,overcast clouds,-9.9133,-63.0408,Hotel Sol Nascente - Ariquemes - RO
352,Conde,BR,74.66,broken clouds,-7.2597,-34.9075,Pousada Beija Flor
353,Houston,US,89.42,broken clouds,29.7633,-95.3633,"Hotel ICON, Autograph Collection"
355,Shimoda,JP,77.36,heavy intensity rain,34.6667,138.95,Shimoda Tokyu Hotel
356,Fethiye,TR,73.27,clear sky,36.6217,29.1164,Club & Hotel Letoonia
357,Balikpapan,ID,79.79,few clouds,-1.2675,116.8289,Swiss-Belhotel Balikpapan
358,La Paz Centro,NI,81.12,overcast clouds,12.34,-86.6753,Quinta Momotombo
360,Port Blair,IN,78.84,thunderstorm,11.6667,92.75,"Welcomhotel By ITC Hotels, Bay Island, Port Blair"
361,Chifeng,CN,72.23,overcast clouds,42.2683,118.9636,Junyu Tiancheng Hotel
362,Champerico,GT,77.54,overcast clouds,14.3,-91.9167,"Hotel y restaurante ""El Diamante"""
363,North Bend,US,76.24,clear sky,43.4065,-124.2243,Red Lion Hotel Coos Bay
364,Tevaitoa,PF,77.45,broken clouds,-16.7833,-151.5,H√¥tel Raiatea Lodge
365,Karpathos,GR,73.36,clear sky,35.507,27.2132,Alex
371,Ambon,ID,81.23,light rain,-3.6954,128.1814,Swiss-Belhotel Ambon
374,Luocheng,CN,77.76,overcast clouds,29.3848,104.0286,Luocheng Hotel
376,Bilma,NE,81.57,overcast clouds,18.6853,12.9164,Expeditions T√©n√©re voyages
381,Nocupetaro,MX,82.0,broken clouds,19.05,-101.15,"Hotel ""La Casa Embrujada"""
388,Sakakah,SA,87.37,clear sky,29.9697,40.2064,Fakhamat Al Orjoana Apartment
389,Eyl,SO,79.84,scattered clouds,7.9803,49.8164,Amiin Hotel
391,Macau,MO,86.86,few clouds,22.2006,113.5461,Grand Emperor Hotel
395,Tura,IN,74.52,clear sky,25.5198,90.2201,Hotel RIKMAN Continental
396,Ripoll,ES,72.37,clear sky,42.2006,2.1903,Hotel Solana Del Ter
397,Abha,SA,71.42,scattered clouds,18.2164,42.5053,Abha Hotel
398,Korla,CN,75.52,light rain,41.7597,86.1469,Gulisitan Hotel
401,Siderno,IT,74.34,clear sky,38.2779,16.302,Grand Hotel President
402,Ishigaki,JP,86.13,broken clouds,24.3448,124.1572,Hotel Peace Land Ishigakijima
403,Portobelo,PA,82.96,broken clouds,9.55,-79.65,Scuba Portobelo
405,Flin Flon,CA,85.84,broken clouds,54.7682,-101.865,Victoria Inn Flin Flon
406,Wanning,CN,83.61,broken clouds,18.8003,110.3967,Paradise Hotel
407,Banganapalle,IN,78.57,overcast clouds,15.3167,78.2333,Hotel salamth
409,Zharkent,KZ,70.02,clear sky,44.1628,80.0,–≥–æ—Å—Ç–∏–Ω–∏—Ü–∞ Satti
414,Basco,PH,84.94,overcast clouds,20.4487,121.9702,Nathaniel's Lodge
416,Bonnyville,CA,84.0,scattered clouds,54.2668,-110.735,Best Western Bonnyville Inn & Suites
419,Shingu,JP,73.15,moderate rain,33.7333,135.9833,Shingu UI Hotel
420,Cockburn Town,TC,82.36,scattered clouds,21.4612,-71.1419,Osprey Beach Hotel
421,Gizo,SB,82.92,light rain,-8.103,156.8419,Imagination Island
423,Mujiayingzi,CN,71.01,broken clouds,42.1167,118.7833,Jinjiang Hotel
424,Yenagoa,NG,73.4,overcast clouds,4.9247,6.2642,Aridolf Resort Wellness and Spa
426,Terme,TR,67.93,few clouds,41.2092,36.9739,OTEL G√úVEN TERME
427,Madingou,CG,71.37,few clouds,-4.1536,13.55,HOTEL KIM ELISA
428,Crossville,US,85.3,clear sky,35.949,-85.0269,Hampton Inn Crossville
429,Aki,JP,76.95,overcast clouds,33.5,133.9,Seigetsu Ryokan
430,Lano,NG,73.96,overcast clouds,10.1725,11.4715,Lano
436,Trincomalee,LK,80.11,overcast clouds,8.5711,81.2335,Welcombe Hotel
437,Pangai,TO,82.51,scattered clouds,-19.8,-174.35,Ha'apai Beach Resort
438,College,US,72.07,broken clouds,64.8569,-147.8028,Pike's Waterfront Lodge
440,Taiyuan,CN,71.46,mist,37.8694,112.5603,Taiyuan Wanda Wenhua Hotel
443,Veraval,IN,81.34,overcast clouds,20.9,70.3667,Lords Inn Somnath
444,Alpena,US,71.92,clear sky,45.0617,-83.4327,Days Inn by Wyndham Alpena
445,Hanna,CA,88.86,clear sky,51.6334,-111.9018,West View Motel
448,Labuhan,ID,77.85,broken clouds,-6.8844,112.2051,DoubleFAG
450,Saint-Georges,GD,80.28,few clouds,12.0564,-61.7485,Radisson Grenada Beach Resort
451,Dubreka,GN,78.87,light rain,9.7911,-13.5233,H√¥tel le Semeur Chez Eva
452,Mastic Beach,US,78.78,clear sky,40.7668,-72.8521,Brushwood House by Smith Point Beach
454,Takoradi,GH,75.33,light rain,4.8845,-1.7554,Raybow International Hotel
458,Kuliyapitiya,LK,80.28,overcast clouds,7.4688,80.0401,Rest House
460,Namtsy,RU,77.32,overcast clouds,62.7161,129.6658,"""–≠“£—Å–∏—ç–ª–∏ –ö–∏–∏–Ω"""
461,Johi,PK,82.0,overcast clouds,26.6921,67.6133,Haji Fareed/ Abdul Qyoum Rodnani OTAQUE
466,Tabuk,PH,80.76,overcast clouds,17.4189,121.4443,Golden Berries Hotel and Convention
467,Turbat,PK,87.28,overcast clouds,26.0023,63.044,Mubashar Quarters
468,Pedernales,DO,82.33,overcast clouds,18.0384,-71.744,Hotel Costa Marina
470,Arrifes,PT,68.25,scattered clouds,37.7667,-25.7,Hotel Ponta Delgada
471,Srivardhan,IN,80.24,overcast clouds,18.0333,73.0167,Savli Resort/Hotel - Shrivardhan
476,Grand-Lahou,CI,75.04,light rain,5.1367,-5.0242,Hotel Beatitude de Grand Lahou
478,Calabozo,VE,77.31,overcast clouds,8.9242,-67.4293,Hotel Giardini
479,Oistins,BB,81.52,scattered clouds,13.0667,-59.5333,Butterfly Beach Hotel
480,San Jose,US,89.69,clear sky,37.3394,-121.895,The Westin San Jose
485,Daru,PG,78.17,broken clouds,-9.0763,143.2092,Daru Lodge
490,Suihua,CN,73.13,scattered clouds,46.6406,126.9969,Water Resources Bureau Hostel
491,Meulaboh,ID,76.33,broken clouds,4.1363,96.1285,Kost Pria
492,Hargeysa,SO,67.8,overcast clouds,9.56,44.065,City Center Hotel
493,Thunder Bay,CA,76.98,few clouds,48.4001,-89.3168,Victoria Inn Hotel and Convention Centre
496,Carutapera,BR,75.42,broken clouds,-1.195,-46.02,Lidera
499,Richmond,US,82.4,scattered clouds,37.5538,-77.4603,"Holiday Inn Express Richmond - Downtown, an IHG Hotel"
502,Manicore,BR,82.35,clear sky,-5.8092,-61.3003,Hotel Durval
503,Zhezkazgan,KZ,71.58,clear sky,47.8043,67.7144,Hotel Zumrat
505,Kavaratti,IN,81.64,overcast clouds,10.5669,72.642,Green leaf
506,Biak,ID,74.43,light rain,-0.9131,122.8766,Penginapan Kim
510,North Augusta,US,86.31,few clouds,33.5018,-81.9651,Ramada by Wyndham Augusta Downtown Hotel & Conference Center
511,Aswan,EG,83.88,few clouds,24.0934,32.907,Nuba Nile
512,Komsomolskiy,UZ,74.12,clear sky,40.4272,71.7189,Ikathouse
514,Porto Santo,PT,68.38,broken clouds,33.072,-16.3415,Hotel Porto Santo & Spa
515,Ilhabela,BR,71.85,overcast clouds,-23.7781,-45.3581,Ilha Flat Hotel
517,Abong Mbang,CM,66.38,overcast clouds,3.9833,13.1833,Auberge Angle Sur
519,Auki,SB,84.78,overcast clouds,-8.7676,160.7034,Auki Motel
520,Qingdao,CN,82.0,mist,36.0986,120.3719,Le Meridien Qingdao
521,Fort Frances,CA,84.42,clear sky,48.5999,-93.4003,LA PLACE RENDEZ-VOUS
524,Broome,US,79.18,clear sky,42.2506,-75.833,Chenango Valley State Park
528,Nyaunglebin,MM,77.13,overcast clouds,17.95,96.7333,Thi ha
529,Jacareacanga,BR,81.16,broken clouds,-6.2222,-57.7528,Casa do Ianüòé
530,Dumabato,PH,82.15,overcast clouds,16.3167,121.7,JBT Mountain View & Recreational Place
531,Kralendijk,BQ,82.38,scattered clouds,12.15,-68.2667,Divi Flamingo Beach Resort & Casino
532,Jose Bonifacio,BR,78.06,broken clouds,-21.0528,-49.6883,HOTEL DOS VIAJANTES
533,Tecoanapa,MX,81.34,overcast clouds,16.5167,-98.75,Hotel Manglares
535,Kulu,TR,65.16,clear sky,39.0951,33.0799,Kapadokya Motel
536,Muli,MV,82.74,overcast clouds,2.9167,73.5667,Medhufushi Island Resort
542,Cuiluan,CN,70.99,broken clouds,47.72,128.648,Shuncheng Hotel
543,San Andres,CO,84.22,scattered clouds,12.5847,-81.7006,Hotel Arena Blanca
545,Lasa,IT,72.48,clear sky,46.6166,10.7002,Pension Feldg√§rtenhof
546,Sioux Lookout,CA,82.47,few clouds,50.1001,-91.917,Knobby's Fly-In Camps
547,Mitsamiouli,KM,76.39,clear sky,-11.3847,43.2844,Foyer ADM
548,Presidente Medici,BR,79.99,overcast clouds,-11.1753,-61.9014,Oliveira Palace Hotel
552,Matagami,CA,73.51,clear sky,49.7502,-77.6328,Motel Le Caribou
553,Cavalcante,BR,69.51,clear sky,-13.7975,-47.4583,Pousada Vila dos Ip√™s
554,Tuy Hoa,VN,78.75,scattered clouds,13.0833,109.3,CenDeluxe Hotel Tuy Hoa
555,Boueni,YT,75.18,clear sky,-12.9025,45.0761,The feet in water
558,Palmer,US,82.0,scattered clouds,42.1584,-72.3287,Wedgewood Motel
559,Alofi,NU,82.29,broken clouds,-19.0595,-169.9187,Taloa Heights
560,Aksu,CN,70.29,scattered clouds,41.1231,80.2644,Pudong Holiday Hotel
561,Saint-Pierre,RE,66.9,scattered clouds,-21.3393,55.4781,Alize Plage
562,Sarankhola,BD,82.06,scattered clouds,22.3082,89.7897,Red Crescent Cyclone Shelter Rashulpur
563,Mweka,CD,76.05,broken clouds,-4.85,21.5667,Guest House Boshab
565,Halifax,CA,72.48,scattered clouds,44.6453,-63.5724,Hotel Halifax
568,Mahibadhoo,MV,82.42,scattered clouds,3.7833,72.9667,Omadhoo Inn
569,Suez,EG,73.31,clear sky,29.9737,32.5263,Green House
570,Mersin,TR,76.69,clear sky,36.862,34.6509,Nostalgia Boutique Hotel
572,Itaqui,BR,65.97,overcast clouds,-29.1253,-56.5531,HOTEL BIASI - ITAQUI/RS
576,Singkang,MY,76.8,scattered clouds,2.1006,102.7994,Kampung Seri Makmor Pagoh
577,Samarai,PG,78.37,overcast clouds,-10.6167,150.6667,Nuli Sapi
578,Galveston,US,86.18,clear sky,29.3669,-94.9669,Crystal Suites
580,Usinsk,RU,69.49,scattered clouds,65.9939,57.5281,Dobro Pozhalovaty
581,Carbondale,US,88.02,clear sky,37.7273,-89.2168,Best Western Saluki Inn
582,Dingle,PH,81.12,overcast clouds,10.9995,122.6711,SEGAYA PROPERTY
583,El Retorno,CO,73.08,overcast clouds,2.3302,-72.6276,Hostal la posada de Rita
586,Beauceville,CA,73.06,scattered clouds,46.2179,-70.7787,Motel Royal
588,Kuala Lipis,MY,74.03,broken clouds,4.1842,102.0468,Lipis Centrepoint Hotel
590,Nanning,CN,81.05,overcast clouds,22.8167,108.3167,Nanning Travelling With Hostel
592,Khartoum,SD,83.01,scattered clouds,15.5518,32.5324,Hotel China
594,Asfi,MA,69.26,clear sky,32.2994,-9.2372,H√¥tel Abda
595,Monrovia,LR,75.42,light rain,6.3005,-10.7969,Sunset Inn
598,Camopi,GF,72.27,overcast clouds,3.1655,-52.3158,La pousada
599,Mecca,SA,88.84,broken clouds,21.4267,39.8261,"Makkah Clock Royal Tower, A Fairmont Hotel"
601,Nautanwa,IN,86.29,clear sky,27.4333,83.4167,Plot: S S Srivastava
602,Kontagora,NG,72.7,light rain,10.3999,5.4695,Queens Guest Inn
605,Kieta,PG,84.79,broken clouds,-6.2167,155.6333,Uruna Bay Retreat
606,Kropotkin,RU,71.53,scattered clouds,45.4375,40.5756,Hotel Europe Kropotkin
609,Toba,JP,77.0,light rain,34.4833,136.85,„Éõ„ÉÜ„É´ „Ç¢„É´„ÉÜ„Ç£„Ç¢È≥•ÁæΩ
610,Ban Tak,TH,78.21,overcast clouds,17.0432,99.0813,Bansuansiriwat
612,Yichun,CN,69.48,broken clouds,47.7,128.9,Èî¶Ê±üÈÖíÂ∫ó
613,Dhidhdhoo,MV,81.75,broken clouds,6.8833,73.1,Dhidhoo beach
614,Cascais,PT,73.51,few clouds,38.6979,-9.4215,Hotel Vila Gal√© Cascais
615,Sorada,IN,78.69,moderate rain,19.75,84.4333,PWD Guest House
616,La Ronge,CA,86.25,few clouds,55.1001,-105.2842,Northland Motor Hotel
618,San Felipe,VE,72.39,broken clouds,10.3399,-68.7425,Posada Llovizna Rodr√≠guez
619,Harper,LR,74.5,light rain,4.375,-7.7169,Screensaver
620,Kijang,KR,80.33,clear sky,35.2442,129.2139,Samyang Beach Villa
621,Komatsu,JP,78.78,broken clouds,36.4026,136.4509,APAHOTEL KOMATSU GRAND
625,Puerto Escondido,MX,85.03,broken clouds,15.85,-97.0667,Aldea del Bazar Hotel and Spa
626,Rio Claro,BR,67.57,overcast clouds,-22.4114,-47.5614,Hotel Vivendas Rio Claro by Atlantica
634,Bosaso,SO,88.83,overcast clouds,11.2842,49.1816,Red Sea Hotel
635,Tanggu,CN,87.76,broken clouds,39.0211,117.6469,Ibis Tianjin Tanggu Hotel
638,Newton,US,81.64,few clouds,42.337,-71.2092,Sheraton Boston Needham Hotel
639,Fare,PF,76.89,scattered clouds,-16.7,-151.0167,Maitai Lapita Village Huahine
643,Dryden,CA,84.49,clear sky,49.7833,-92.7503,"Holiday Inn Express Dryden, an IHG Hotel"
645,Sibu,MY,75.51,mist,2.3,111.8167,RH HOTEL (4 Star)
648,Monte Alegre,BR,76.21,overcast clouds,-2.0078,-54.0692,Hotel Shekinah
649,Bani Walid,LY,71.91,clear sky,31.7566,13.9942,ŸÖŸÜÿ≤ŸÑ ŸÖŸÅÿ™ÿßÿ≠ ŸÖÿ≠ŸÖÿØ ÿßŸÑÿ≤ŸÑÿ®Ÿä
650,Ternate,ID,77.74,overcast clouds,0.8,127.4,Sahid Bela Ternate Hotel
651,Nago,JP,86.45,light rain,26.5881,127.9761,Hotel Yugaf Inn Okinawa
652,Cedar Lake,US,70.11,moderate rain,41.3648,-87.4411,Cedar Lake Ministries RV Park
653,Kahta,TR,78.17,clear sky,37.7855,38.6237,Kommageneƒ∞Z Hotel
654,La Rioja,ES,69.58,scattered clouds,42.25,-2.5,Casa Concejos
655,Fairbanks,US,72.09,overcast clouds,64.8378,-147.7164,Westmark Fairbanks Hotel & Conference Center
656,Nicoya,CR,76.71,overcast clouds,10.1483,-85.452,Las Cabinas Del Sue√±o
658,Tarifa,ES,82.42,clear sky,36.0139,-5.607,Hostel Facundo
661,Hami,CN,80.6,scattered clouds,42.8,93.45,Laoyutang Resort
662,Miri,MY,75.34,few clouds,4.4148,114.0089,"Mega Hotel, Miri"
663,Popondetta,PG,83.21,broken clouds,-8.7537,148.2534,Timos Transit House
664,Kerman,IR,75.06,clear sky,30.2832,57.0788,Ÿáÿ™ŸÑ ÿ¢Ÿæÿßÿ±ÿ™ŸÖÿßŸÜ ÿ¢ÿ≥ÿßŸÖ
665,Planadas,CO,77.43,broken clouds,3.197,-75.6451,Coffee Hotel Planadas
668,Sumenep,ID,81.03,broken clouds,-7.0167,113.8667,OYO 3271 Homestay Pandian
670,Ibra,OM,87.96,overcast clouds,22.6906,58.5334,ŸÖÿ≤ÿ±ÿπÿ© ÿ±ÿßÿ≠ÿ© ÿßŸÑŸÜŸÅŸàÿ≥ ÿßŸÑŸÖŸÜÿ≤ŸÅÿ©
671,Hulan,CN,71.71,broken clouds,45.9833,126.6,Mingda Hotel
672,Ewa Beach,US,85.01,scattered clouds,21.3156,-158.0072,Base Lodging
674,Amarante Do Maranhao,BR,80.11,broken clouds,-5.5667,-46.7422,Hot√©is Ca√ßulinha
676,Acarau,BR,78.69,broken clouds,-2.8856,-40.12,castelo pizzaria
677,Santa Cruz De La Palma,ES,71.74,clear sky,28.6835,-17.7642,H10 Taburiente Playa
679,Wamba,NG,71.44,light rain,8.9333,8.6,Roma Zee Guest House Annex
681,Aviles,ES,73.18,clear sky,43.5547,-5.9248,"Palacio de Avil√©s, Affiliated by Meli√°"
682,Acapulco,MX,85.82,overcast clouds,16.8634,-99.8901,HS Hotsson Smart Acapulco
687,Sorrento,IT,76.57,clear sky,40.626,14.3744,Hilton Sorrento Palace
688,Roanoke,US,85.41,few clouds,37.271,-79.9414,"The Hotel Roanoke & Conference Center, Curio Collection by Hilton"
690,Kutum,SD,70.84,overcast clouds,14.2,24.6667,Dibbo areaŸÖŸÜÿ∑ŸÇÿ© ÿØÿ®Ÿà
691,Colares,PT,72.34,few clouds,38.7992,-9.4469,Arribas Sintra Hotel
692,Bintulu,MY,75.61,few clouds,3.1667,113.0333,900 Boutique INN
694,Sainte-Marie,RE,68.13,broken clouds,-20.8968,55.5496,Les pailles en queue de Sainte Marie
695,Bay Roberts,CA,66.65,broken clouds,47.5999,-53.2648,Stonewall Inn
696,Grand-Santi,GF,72.66,overcast clouds,4.25,-54.3833,Hotel La Villa Couacou
697,Nizhniy Kuranakh,RU,79.63,broken clouds,58.8353,125.4869,Park Pobedy
698,High Prairie,CA,77.63,overcast clouds,55.4334,-116.4858,Royal Star Motor Inn
700,Kampong Thum,KH,77.88,broken clouds,12.7111,104.8887,Sambor Village Hotel
703,Beipiao,CN,73.58,scattered clouds,41.7919,120.7792,Beipiao Hotel
704,Pangkalanbuun,ID,75.56,broken clouds,-2.6833,111.6167,Grand Kecubung Hotel
705,Freetown,SL,76.69,light rain,8.484,-13.2299,The Country Lodge Hotel
707,Camacha,PT,65.62,broken clouds,33.0833,-16.3333,Hotel Porto Santo & Spa
708,Cairo,EG,79.56,clear sky,30.0626,31.2497,Grand Hotel
710,Tommot,RU,77.54,broken clouds,58.9564,126.2925,Gostinitsa Tommot
